Model,Prompt,Accuracy,Precision,Recall,F1
gpt-oss-20b,prompt_1,0.41025641025641024,0.46069094304388414,0.4200854700854701,0.3959325396825397
gpt-oss-20b,prompt_2,0.5128205128205128,0.6030769230769231,0.538974358974359,0.5238095238095237
gpt-oss-20b,prompt_3,0.46153846153846156,0.3055555555555555,0.3735042735042735,0.3142857142857143
