Model,Prompt,Accuracy,Precision,Recal,F1
deepseek-v3.1:671b-cloud,prompt_1,0.6153846153846154,0.7671428571428571,0.6253846153846154,0.6309634551495017
gpt-oss:120b-cloud,prompt_1,0.5641025641025641,0.6531746031746032,0.6107692307692308,0.5701357466063348