Model,Prompt,Accuracy,Precision,Recal,F1
gpt-oss:20b,prompt_1,0.41025641025641024,0.3846153846153846,0.4405982905982906,0.3729434302456615
