Model,Prompt,Accuracy,Precision,Recal,F1
llama3.1:8b,prompt_1,0.3076923076923077,0.6236263736263736,0.42205128205128195,0.3677718360071301
