Model,Prompt,Accuracy,Precision,Recal,F1
llama3.1-8b,prompt_1,0.3076923076923077,0.6236263736263736,0.42205128205128195,0.3677718360071301
gemma3-12b,prompt_1,0.1794871794871795,0.08424908424908426,0.24,0.10685714285714284
gpt-oss-20b-cloud,prompt_1,0.5128205128205128,0.4834090909090909,0.5969230769230769,0.5137480798771122
